Girokonto;DE28120300001016364174;;;;;;;;;;
Zeitraum:;01.10.2025 - 30.04.2026;;;;;;;;;;
Kontostand vom 04.05.2026:;5.866,98 €;;;;;;;;;;
;;;;;;;;;;;
Buchungsdatum;Wertstellung;Status;Zahlungspflichtige*r;Zahlungsempfänger*in;Verwendungszweck;Umsatztyp;IBAN;Betrag (€);Gläubiger-ID;Mandatsreferenz;Kundenreferenz
30.04.2026;30.04.2026;Gebucht;ISSUER;AMZN.Mktp.DE.NN00A76S4/AMZN.COM.BILL;VISA Debitkartenumsatz vom 30.04.2026;Ausgang;DE96120300009005290904;-53,32;;;4,86119E+14
29.04.2026;29.04.2026;Gebucht;ISSUER;Amazon.de.NN9UC9MD4/AMAZON.DE;VISA Debitkartenumsatz vom 28.04.2026;Ausgang;DE96120300009005290904;-74;;;4,86119E+14
29.04.2026;29.04.2026;Gebucht;Bundesagentur für Arbeit-Service-Haus;Angelina M.                                                       Bochumer Str. 17;317A071997/21101/7002 01.04.26-30.04.26 044062179255/1040090641394;Eingang;DE94760000000076001601;1.955,40;;;044062179255
29.04.2026;29.04.2026;Gebucht;Angelina M.                                                       Bochumer Str. 17;PayPal Europe S.a.r.l. et Cie S.C.A                                   22-24 Boulevard Royal, 2449 Luxembourg;1049905592372/PP.2770.PP/. Netflix.com, Ihr Einkauf bei Netflix.com;Ausgang;LU89751000135104200E;-4,99;LU96ZZZ0000000000000000058;4NS2224N238BJ;1,04991E+12
29.04.2026;29.04.2026;Gebucht;Angelina M.                                                       Bochumer Str. 17;Naturwerke GmbH;Strom RE: 300000102990 VK: 150000288390 Naturwerke GmbH;Ausgang;DE69300400000307566001;-1.043,48;DE08ZZZ00002614848;150000288390-01-1;2440767193
28.04.2026;28.04.2026;Gebucht;Angelina M.                                                       Bochumer Str. 17;PayPal Europe S.a.r.l. et Cie S.C.A                                   22-24 Boulevard Royal, 2449 Luxembourg;1049825018776/PP.2770.PP/. DB Vertrieb GmbH, Ihr Einkauf bei DB Vertrieb GmbH;Ausgang;LU89751000135104200E;-86,99;LU96ZZZ0000000000000000058;4NS2224N238BJ;1,04983E+12
27.04.2026;27.04.2026;Gebucht;Angelina M.                                                       Bochumer Str. 17;PayPal Europe S.a.r.l. et Cie S.C.A                                   22-24 Boulevard Royal, 2449 Luxembourg;1049821192586/PP.2770.PP/. Cookidoo. (Vorwerk Home . Co. KmG), Ihr Einkauf bei Cookidoo. (Vorwerk Home . Co. KmG);Ausgang;LU89751000135104200E;-48;LU96ZZZ0000000000000000058;4NS2224N238BJ;1,04982E+12
